<ImportExportXml version="9.2.22023.147" SolutionPackageVersion="9.2" languagecode="1033" generatedBy="CrmLive" xmlns:xsi="http://www.w3.org/2001/XMLSchema-instance">
  <SolutionManifest>
    <UniqueName>CanvasandPowerBI</UniqueName>
    <LocalizedNames>
      <LocalizedName description="Canvas and Power BI" languagecode="1033" />
    </LocalizedNames>
    <Descriptions />
    <Version>1.0.0.1</Version>
    <Managed>0</Managed>
    <Publisher>
      <UniqueName>enkisolutions</UniqueName>
      <LocalizedNames>
        <LocalizedName description="Enki Solutions" languagecode="1033" />
      </LocalizedNames>
      <Descriptions />
      <EMailAddress xsi:nil="true"></EMailAddress>
      <SupportingWebsiteUrl xsi:nil="true"></SupportingWebsiteUrl>
      <CustomizationPrefix>enks</CustomizationPrefix>
      <CustomizationOptionValuePrefix>10000</CustomizationOptionValuePrefix>
      <Addresses>
        <Address>
          <AddressNumber>1</AddressNumber>
          <AddressTypeCode>1</AddressTypeCode>
          <City xsi:nil="true"></City>
          <County xsi:nil="true"></County>
          <Country xsi:nil="true"></Country>
          <Fax xsi:nil="true"></Fax>
          <FreightTermsCode xsi:nil="true"></FreightTermsCode>
          <ImportSequenceNumber xsi:nil="true"></ImportSequenceNumber>
          <Latitude xsi:nil="true"></Latitude>
          <Line1 xsi:nil="true"></Line1>
          <Line2 xsi:nil="true"></Line2>
          <Line3 xsi:nil="true"></Line3>
          <Longitude xsi:nil="true"></Longitude>
          <Name xsi:nil="true"></Name>
          <PostalCode xsi:nil="true"></PostalCode>
          <PostOfficeBox xsi:nil="true"></PostOfficeBox>
          <PrimaryContactName xsi:nil="true"></PrimaryContactName>
          <ShippingMethodCode>1</ShippingMethodCode>
          <StateOrProvince xsi:nil="true"></StateOrProvince>
          <Telephone1 xsi:nil="true"></Telephone1>
          <Telephone2 xsi:nil="true"></Telephone2>
          <Telephone3 xsi:nil="true"></Telephone3>
          <TimeZoneRuleVersionNumber xsi:nil="true"></TimeZoneRuleVersionNumber>
          <UPSZone xsi:nil="true"></UPSZone>
          <UTCOffset xsi:nil="true"></UTCOffset>
          <UTCConversionTimeZoneCode xsi:nil="true"></UTCConversionTimeZoneCode>
        </Address>
        <Address>
          <AddressNumber>2</AddressNumber>
          <AddressTypeCode>1</AddressTypeCode>
          <City xsi:nil="true"></City>
          <County xsi:nil="true"></County>
          <Country xsi:nil="true"></Country>
          <Fax xsi:nil="true"></Fax>
          <FreightTermsCode xsi:nil="true"></FreightTermsCode>
          <ImportSequenceNumber xsi:nil="true"></ImportSequenceNumber>
          <Latitude xsi:nil="true"></Latitude>
          <Line1 xsi:nil="true"></Line1>
          <Line2 xsi:nil="true"></Line2>
          <Line3 xsi:nil="true"></Line3>
          <Longitude xsi:nil="true"></Longitude>
          <Name xsi:nil="true"></Name>
          <PostalCode xsi:nil="true"></PostalCode>
          <PostOfficeBox xsi:nil="true"></PostOfficeBox>
          <PrimaryContactName xsi:nil="true"></PrimaryContactName>
          <ShippingMethodCode>1</ShippingMethodCode>
          <StateOrProvince xsi:nil="true"></StateOrProvince>
          <Telephone1 xsi:nil="true"></Telephone1>
          <Telephone2 xsi:nil="true"></Telephone2>
          <Telephone3 xsi:nil="true"></Telephone3>
          <TimeZoneRuleVersionNumber xsi:nil="true"></TimeZoneRuleVersionNumber>
          <UPSZone xsi:nil="true"></UPSZone>
          <UTCOffset xsi:nil="true"></UTCOffset>
          <UTCConversionTimeZoneCode xsi:nil="true"></UTCConversionTimeZoneCode>
        </Address>
      </Addresses>
    </Publisher>
    <RootComponents>
      <RootComponent type="1" schemaName="incident" behavior="1" />
      <RootComponent type="1" schemaName="product" behavior="1" />
    </RootComponents>
    <MissingDependencies>
      <MissingDependency>
        <Required type="1" schemaName="contract" displayName="Contract" solution="msdynce_Service (9.0.5.56)">
          <package>msdynce_ServiceAnchor (9.0.22022.1009)</package>
        </Required>
        <Dependent type="60" displayName="Case" parentDisplayName="Case" id="{4a63c8d1-6c1e-48ec-9db4-3e6c7155334c}" />
      </MissingDependency>
      <MissingDependency>
        <Required type="1" schemaName="dynamicproperty" displayName="Property" solution="msdynce_ProductManagement (9.0.4.0066)">
          <package>msdynce_ProductManagementAnchor (9.0.22022.10001)</package>
        </Required>
        <Dependent type="60" displayName="Product" parentDisplayName="Product" id="{a640be62-63f6-4027-90d7-48c014a7c6f3}" />
      </MissingDependency>
      <MissingDependency>
        <Required type="1" schemaName="incident" displayName="Case" solution="msdynce_Service (9.0.5.56)">
          <package>msdynce_ServiceAnchor (9.0.22022.1009)</package>
        </Required>
        <Dependent type="1" schemaName="incident" displayName="Case" />
      </MissingDependency>
      <MissingDependency>
        <Required type="1" schemaName="knowledgearticleincident" displayName="Knowledge Article Incident" solution="msdynce_Service (9.0.5.56)">
          <package>msdynce_ServiceAnchor (9.0.22022.1009)</package>
        </Required>
        <Dependent type="60" displayName="Case" parentDisplayName="Case" id="{4a63c8d1-6c1e-48ec-9db4-3e6c7155334c}" />
      </MissingDependency>
      <MissingDependency>
        <Required type="1" schemaName="product" displayName="Product" solution="msdynce_ProductManagement (9.0.4.0066)">
          <package>msdynce_ProductManagementAnchor (9.0.22022.10001)</package>
        </Required>
        <Dependent type="1" schemaName="product" displayName="Product" />
      </MissingDependency>
      <MissingDependency>
        <Required type="1" schemaName="product" displayName="Product" solution="msdynce_ProductManagement (9.0.4.0066)">
          <package>msdynce_ProductManagementAnchor (9.0.22022.10001)</package>
        </Required>
        <Dependent type="2" schemaName="new_approvalstatus" displayName="Approval Status" parentSchemaName="product" parentDisplayName="Product" />
      </MissingDependency>
      <MissingDependency>
        <Required type="1" schemaName="product" displayName="Product" solution="msdynce_ProductManagement (9.0.4.0066)">
          <package>msdynce_ProductManagementAnchor (9.0.22022.10001)</package>
        </Required>
        <Dependent type="2" schemaName="new_approverdate" displayName="Approver Date" parentSchemaName="product" parentDisplayName="Product" />
      </MissingDependency>
      <MissingDependency>
        <Required type="1" schemaName="product" displayName="Product" solution="msdynce_ProductManagement (9.0.4.0066)">
          <package>msdynce_ProductManagementAnchor (9.0.22022.10001)</package>
        </Required>
        <Dependent type="2" schemaName="new_price" displayName="Price" parentSchemaName="product" parentDisplayName="Product" />
      </MissingDependency>
      <MissingDependency>
        <Required type="1" schemaName="product" displayName="Product" solution="msdynce_ProductManagement (9.0.4.0066)">
          <package>msdynce_ProductManagementAnchor (9.0.22022.10001)</package>
        </Required>
        <Dependent type="2" schemaName="new_price_base" displayName="Price (Base)" parentSchemaName="product" parentDisplayName="Product" />
      </MissingDependency>
      <MissingDependency>
        <Required type="1" schemaName="productassociation" displayName="Product Association" solution="msdynce_ProductManagement (9.0.4.0066)">
          <package>msdynce_ProductManagementAnchor (9.0.22022.10001)</package>
        </Required>
        <Dependent type="60" displayName="Product" parentDisplayName="Product" id="{a640be62-63f6-4027-90d7-48c014a7c6f3}" />
      </MissingDependency>
      <MissingDependency>
        <Required type="1" schemaName="productpricelevel" displayName="Price List Item" solution="msdynce_ProductManagement (9.0.4.0066)">
          <package>msdynce_ProductManagementAnchor (9.0.22022.10001)</package>
        </Required>
        <Dependent type="60" displayName="Product" parentDisplayName="Product" id="{a640be62-63f6-4027-90d7-48c014a7c6f3}" />
      </MissingDependency>
      <MissingDependency>
        <Required type="1" schemaName="productsubstitute" displayName="Product Relationship" solution="msdynce_ProductManagement (9.0.4.0066)">
          <package>msdynce_ProductManagementAnchor (9.0.22022.10001)</package>
        </Required>
        <Dependent type="60" displayName="Product" parentDisplayName="Product" id="{a640be62-63f6-4027-90d7-48c014a7c6f3}" />
      </MissingDependency>
      <MissingDependency>
        <Required type="10" schemaName="msdyn_account_product_DefaultVendor" displayName="msdyn_account_product_DefaultVendor" parentSchemaName="account" parentDisplayName="Account" solution="FieldService (8.8.0.88)" />
        <Dependent type="60" displayName="Product" parentDisplayName="Product" id="{a640be62-63f6-4027-90d7-48c014a7c6f3}" />
      </MissingDependency>
      <MissingDependency>
        <Required type="10" schemaName="msdyn_incident_msdyn_workorder_ServiceRequest" displayName="msdyn_incident_msdyn_workorder_ServiceRequest" parentSchemaName="incident" parentDisplayName="Case" solution="FieldService (8.8.0.88)" />
        <Dependent type="60" displayName="Case" parentDisplayName="Case" id="{4a63c8d1-6c1e-48ec-9db4-3e6c7155334c}" />
      </MissingDependency>
      <MissingDependency>
        <Required type="10" schemaName="msdyn_msdyn_iotalert_incident_IoTAlert" displayName="msdyn_msdyn_iotalert_incident_IoTAlert" parentSchemaName="incident" parentDisplayName="Case" solution="msdyn_ConnectedCustomerService (9.0.20115.1027)">
          <package>msdynce_ServiceAnchor (9.0.22022.1009)</package>
        </Required>
        <Dependent type="60" displayName="Case" parentDisplayName="Case" id="{4a63c8d1-6c1e-48ec-9db4-3e6c7155334c}" />
      </MissingDependency>
      <MissingDependency>
        <Required type="10" schemaName="msdyn_msdyn_functionallocation_incident_FunctionalLocation" displayName="msdyn_msdyn_functionallocation_incident_FunctionalLocation" parentSchemaName="msdyn_functionallocation" parentDisplayName="Functional Location" solution="msdyn_FieldService_patch_update (8.8.59.26)" />
        <Dependent type="60" displayName="Case" parentDisplayName="Case" id="{4a63c8d1-6c1e-48ec-9db4-3e6c7155334c}" />
      </MissingDependency>
      <MissingDependency>
        <Required type="10" schemaName="msdyn_msdyn_incidenttype_incident_IncidentType" displayName="msdyn_msdyn_incidenttype_incident_IncidentType" parentSchemaName="msdyn_incidenttype" parentDisplayName="Incident Type" solution="FieldService (8.8.0.88)" />
        <Dependent type="60" displayName="Case" parentDisplayName="Case" id="{4a63c8d1-6c1e-48ec-9db4-3e6c7155334c}" />
      </MissingDependency>
      <MissingDependency>
        <Required type="10" schemaName="msdyn_product_msdyn_fieldservicepricelistitem_ProductService" displayName="msdyn_product_msdyn_fieldservicepricelistitem_ProductService" parentSchemaName="product" parentDisplayName="Product" solution="FieldService (8.8.0.88)" />
        <Dependent type="60" displayName="Product" parentDisplayName="Product" id="{a640be62-63f6-4027-90d7-48c014a7c6f3}" />
      </MissingDependency>
      <MissingDependency>
        <Required type="10" schemaName="msdyn_product_msdyn_productinventory_Product" displayName="msdyn_product_msdyn_productinventory_Product" parentSchemaName="product" parentDisplayName="Product" solution="FieldService (8.8.0.88)" />
        <Dependent type="60" displayName="Product" parentDisplayName="Product" id="{a640be62-63f6-4027-90d7-48c014a7c6f3}" />
      </MissingDependency>
      <MissingDependency>
        <Required type="2" schemaName="blockedprofile" displayName="Blocked Profile" parentSchemaName="incident" parentDisplayName="Case" solution="msdynce_Service (9.0.5.56)">
          <package>msdynce_ServiceAnchor (9.0.22022.1009)</package>
        </Required>
        <Dependent type="60" displayName="Case" parentDisplayName="Case" id="{4a63c8d1-6c1e-48ec-9db4-3e6c7155334c}" />
      </MissingDependency>
      <MissingDependency>
        <Required type="2" schemaName="caseorigincode" displayName="Origin" parentSchemaName="incident" parentDisplayName="Case" solution="msdynce_Service (9.0.5.56)">
          <package>msdynce_ServiceAnchor (9.0.22022.1009)</package>
        </Required>
        <Dependent type="60" displayName="Case" parentDisplayName="Case" id="{4a63c8d1-6c1e-48ec-9db4-3e6c7155334c}" />
      </MissingDependency>
      <MissingDependency>
        <Required type="2" schemaName="casetypecode" displayName="Case Type" parentSchemaName="incident" parentDisplayName="Case" solution="msdynce_Service (9.0.5.56)">
          <package>msdynce_ServiceAnchor (9.0.22022.1009)</package>
        </Required>
        <Dependent type="60" displayName="Case" parentDisplayName="Case" id="{4a63c8d1-6c1e-48ec-9db4-3e6c7155334c}" />
      </MissingDependency>
      <MissingDependency>
        <Required type="2" schemaName="contractdetailid" displayName="Contract Line" parentSchemaName="incident" parentDisplayName="Case" solution="msdynce_Service (9.0.5.56)">
          <package>msdynce_ServiceAnchor (9.0.22022.1009)</package>
        </Required>
        <Dependent type="60" displayName="Case" parentDisplayName="Case" id="{4a63c8d1-6c1e-48ec-9db4-3e6c7155334c}" />
      </MissingDependency>
      <MissingDependency>
        <Required type="2" schemaName="contractid" displayName="Contract" parentSchemaName="incident" parentDisplayName="Case" solution="msdynce_Service (9.0.5.56)">
          <package>msdynce_ServiceAnchor (9.0.22022.1009)</package>
        </Required>
        <Dependent type="60" displayName="Case" parentDisplayName="Case" id="{4a63c8d1-6c1e-48ec-9db4-3e6c7155334c}" />
      </MissingDependency>
      <MissingDependency>
        <Required type="2" schemaName="contractservicelevelcode" displayName="Service Level" parentSchemaName="incident" parentDisplayName="Case" solution="msdynce_Service (9.0.5.56)">
          <package>msdynce_ServiceAnchor (9.0.22022.1009)</package>
        </Required>
        <Dependent type="60" displayName="Case" parentDisplayName="Case" id="{4a63c8d1-6c1e-48ec-9db4-3e6c7155334c}" />
      </MissingDependency>
      <MissingDependency>
        <Required type="2" schemaName="createdon" displayName="Created On" parentSchemaName="incident" parentDisplayName="Case" solution="msdynce_Service (9.0.5.56)">
          <package>msdynce_ServiceAnchor (9.0.22022.1009)</package>
        </Required>
        <Dependent type="60" displayName="Case" parentDisplayName="Case" id="{4a63c8d1-6c1e-48ec-9db4-3e6c7155334c}" />
      </MissingDependency>
      <MissingDependency>
        <Required type="2" schemaName="customerid" displayName="Customer" parentSchemaName="incident" parentDisplayName="Case" solution="msdynce_Service (9.0.5.56)">
          <package>msdynce_ServiceAnchor (9.0.22022.1009)</package>
        </Required>
        <Dependent type="60" displayName="Case" parentDisplayName="Case" id="{4a63c8d1-6c1e-48ec-9db4-3e6c7155334c}" />
      </MissingDependency>
      <MissingDependency>
        <Required type="2" schemaName="description" displayName="Description" parentSchemaName="incident" parentDisplayName="Case" solution="msdynce_Service (9.0.5.56)">
          <package>msdynce_ServiceAnchor (9.0.22022.1009)</package>
        </Required>
        <Dependent type="60" displayName="Case" parentDisplayName="Case" id="{4a63c8d1-6c1e-48ec-9db4-3e6c7155334c}" />
      </MissingDependency>
      <MissingDependency>
        <Required type="2" schemaName="entitlementid" displayName="Entitlement" parentSchemaName="incident" parentDisplayName="Case" solution="msdynce_Service (9.0.5.56)">
          <package>msdynce_ServiceAnchor (9.0.22022.1009)</package>
        </Required>
        <Dependent type="60" displayName="Case" parentDisplayName="Case" id="{4a63c8d1-6c1e-48ec-9db4-3e6c7155334c}" />
      </MissingDependency>
      <MissingDependency>
        <Required type="2" schemaName="escalatedon" displayName="Escalated On" parentSchemaName="incident" parentDisplayName="Case" solution="msdynce_Service (9.0.5.56)">
          <package>msdynce_ServiceAnchor (9.0.22022.1009)</package>
        </Required>
        <Dependent type="60" displayName="Case" parentDisplayName="Case" id="{4a63c8d1-6c1e-48ec-9db4-3e6c7155334c}" />
      </MissingDependency>
      <MissingDependency>
        <Required type="2" schemaName="firstresponsebykpiid" displayName="First Response By KPI" parentSchemaName="incident" parentDisplayName="Case" solution="msdynce_Service (9.0.5.56)">
          <package>msdynce_ServiceAnchor (9.0.22022.1009)</package>
        </Required>
        <Dependent type="60" displayName="Case" parentDisplayName="Case" id="{4a63c8d1-6c1e-48ec-9db4-3e6c7155334c}" />
      </MissingDependency>
      <MissingDependency>
        <Required type="2" schemaName="firstresponsesent" displayName="First Response Sent" parentSchemaName="incident" parentDisplayName="Case" solution="msdynce_Service (9.0.5.56)">
          <package>msdynce_ServiceAnchor (9.0.22022.1009)</package>
        </Required>
        <Dependent type="60" displayName="Case" parentDisplayName="Case" id="{4a63c8d1-6c1e-48ec-9db4-3e6c7155334c}" />
      </MissingDependency>
      <MissingDependency>
        <Required type="2" schemaName="followupby" displayName="Follow Up By" parentSchemaName="incident" parentDisplayName="Case" solution="msdynce_Service (9.0.5.56)">
          <package>msdynce_ServiceAnchor (9.0.22022.1009)</package>
        </Required>
        <Dependent type="60" displayName="Case" parentDisplayName="Case" id="{4a63c8d1-6c1e-48ec-9db4-3e6c7155334c}" />
      </MissingDependency>
      <MissingDependency>
        <Required type="2" schemaName="influencescore" displayName="Influence Score" parentSchemaName="incident" parentDisplayName="Case" solution="msdynce_Service (9.0.5.56)">
          <package>msdynce_ServiceAnchor (9.0.22022.1009)</package>
        </Required>
        <Dependent type="60" displayName="Case" parentDisplayName="Case" id="{4a63c8d1-6c1e-48ec-9db4-3e6c7155334c}" />
      </MissingDependency>
      <MissingDependency>
        <Required type="2" schemaName="isescalated" displayName="Is Escalated" parentSchemaName="incident" parentDisplayName="Case" solution="msdynce_Service (9.0.5.56)">
          <package>msdynce_ServiceAnchor (9.0.22022.1009)</package>
        </Required>
        <Dependent type="60" displayName="Case" parentDisplayName="Case" id="{4a63c8d1-6c1e-48ec-9db4-3e6c7155334c}" />
      </MissingDependency>
      <MissingDependency>
        <Required type="2" schemaName="kbarticleid" displayName="Knowledge Base Article" parentSchemaName="incident" parentDisplayName="Case" solution="msdynce_Service (9.0.5.56)">
          <package>msdynce_ServiceAnchor (9.0.22022.1009)</package>
        </Required>
        <Dependent type="60" displayName="Case" parentDisplayName="Case" id="{4a63c8d1-6c1e-48ec-9db4-3e6c7155334c}" />
      </MissingDependency>
      <MissingDependency>
        <Required type="2" schemaName="messagetypecode" displayName="Received As" parentSchemaName="incident" parentDisplayName="Case" solution="msdynce_Service (9.0.5.56)">
          <package>msdynce_ServiceAnchor (9.0.22022.1009)</package>
        </Required>
        <Dependent type="60" displayName="Case" parentDisplayName="Case" id="{4a63c8d1-6c1e-48ec-9db4-3e6c7155334c}" />
      </MissingDependency>
      <MissingDependency>
        <Required type="2" schemaName="msdyn_functionallocation" displayName="Functional Location" parentSchemaName="incident" parentDisplayName="Case" solution="msdyn_FieldService_patch_update (8.8.59.26)" />
        <Dependent type="60" displayName="Case" parentDisplayName="Case" id="{4a63c8d1-6c1e-48ec-9db4-3e6c7155334c}" />
      </MissingDependency>
      <MissingDependency>
        <Required type="2" schemaName="msdyn_incidenttype" displayName="Incident Type" parentSchemaName="incident" parentDisplayName="Case" solution="FieldService (8.8.0.88)" />
        <Dependent type="60" displayName="Case" parentDisplayName="Case" id="{4a63c8d1-6c1e-48ec-9db4-3e6c7155334c}" />
      </MissingDependency>
      <MissingDependency>
        <Required type="2" schemaName="msdyn_iotalert" displayName="IoT Alert" parentSchemaName="incident" parentDisplayName="Case" solution="msdyn_ConnectedCustomerService (9.0.20115.1027)">
          <package>msdynce_ServiceAnchor (9.0.22022.1009)</package>
        </Required>
        <Dependent type="60" displayName="Case" parentDisplayName="Case" id="{4a63c8d1-6c1e-48ec-9db4-3e6c7155334c}" />
      </MissingDependency>
      <MissingDependency>
        <Required type="2" schemaName="ownerid" displayName="Owner" parentSchemaName="incident" parentDisplayName="Case" solution="msdynce_Service (9.0.5.56)">
          <package>msdynce_ServiceAnchor (9.0.22022.1009)</package>
        </Required>
        <Dependent type="60" displayName="Case" parentDisplayName="Case" id="{4a63c8d1-6c1e-48ec-9db4-3e6c7155334c}" />
      </MissingDependency>
      <MissingDependency>
        <Required type="2" schemaName="parentcaseid" displayName="Parent Case" parentSchemaName="incident" parentDisplayName="Case" solution="msdynce_Service (9.0.5.56)">
          <package>msdynce_ServiceAnchor (9.0.22022.1009)</package>
        </Required>
        <Dependent type="60" displayName="Case" parentDisplayName="Case" id="{4a63c8d1-6c1e-48ec-9db4-3e6c7155334c}" />
      </MissingDependency>
      <MissingDependency>
        <Required type="2" schemaName="primarycontactid" displayName="Contact" parentSchemaName="incident" parentDisplayName="Case" solution="msdynce_Service (9.0.5.56)">
          <package>msdynce_ServiceAnchor (9.0.22022.1009)</package>
        </Required>
        <Dependent type="60" displayName="Case" parentDisplayName="Case" id="{4a63c8d1-6c1e-48ec-9db4-3e6c7155334c}" />
      </MissingDependency>
      <MissingDependency>
        <Required type="2" schemaName="prioritycode" displayName="Priority" parentSchemaName="incident" parentDisplayName="Case" solution="msdynce_Service (9.0.5.56)">
          <package>msdynce_ServiceAnchor (9.0.22022.1009)</package>
        </Required>
        <Dependent type="60" displayName="Case" parentDisplayName="Case" id="{4a63c8d1-6c1e-48ec-9db4-3e6c7155334c}" />
      </MissingDependency>
      <MissingDependency>
        <Required type="2" schemaName="productid" displayName="Product" parentSchemaName="incident" parentDisplayName="Case" solution="msdynce_Service (9.0.5.56)">
          <package>msdynce_ServiceAnchor (9.0.22022.1009)</package>
        </Required>
        <Dependent type="60" displayName="Case" parentDisplayName="Case" id="{4a63c8d1-6c1e-48ec-9db4-3e6c7155334c}" />
      </MissingDependency>
      <MissingDependency>
        <Required type="2" schemaName="productserialnumber" displayName="Serial Number" parentSchemaName="incident" parentDisplayName="Case" solution="msdynce_Service (9.0.5.56)">
          <package>msdynce_ServiceAnchor (9.0.22022.1009)</package>
        </Required>
        <Dependent type="60" displayName="Case" parentDisplayName="Case" id="{4a63c8d1-6c1e-48ec-9db4-3e6c7155334c}" />
      </MissingDependency>
      <MissingDependency>
        <Required type="2" schemaName="resolveby" displayName="Resolve By" parentSchemaName="incident" parentDisplayName="Case" solution="msdynce_Service (9.0.5.56)">
          <package>msdynce_ServiceAnchor (9.0.22022.1009)</package>
        </Required>
        <Dependent type="60" displayName="Case" parentDisplayName="Case" id="{4a63c8d1-6c1e-48ec-9db4-3e6c7155334c}" />
      </MissingDependency>
      <MissingDependency>
        <Required type="2" schemaName="resolvebykpiid" displayName="Resolve By KPI" parentSchemaName="incident" parentDisplayName="Case" solution="msdynce_Service (9.0.5.56)">
          <package>msdynce_ServiceAnchor (9.0.22022.1009)</package>
        </Required>
        <Dependent type="60" displayName="Case" parentDisplayName="Case" id="{4a63c8d1-6c1e-48ec-9db4-3e6c7155334c}" />
      </MissingDependency>
      <MissingDependency>
        <Required type="2" schemaName="responseby" displayName="First Response By" parentSchemaName="incident" parentDisplayName="Case" solution="msdynce_Service (9.0.5.56)">
          <package>msdynce_ServiceAnchor (9.0.22022.1009)</package>
        </Required>
        <Dependent type="60" displayName="Case" parentDisplayName="Case" id="{4a63c8d1-6c1e-48ec-9db4-3e6c7155334c}" />
      </MissingDependency>
      <MissingDependency>
        <Required type="2" schemaName="sentimentvalue" displayName="Sentiment Value" parentSchemaName="incident" parentDisplayName="Case" solution="msdynce_Service (9.0.5.56)">
          <package>msdynce_ServiceAnchor (9.0.22022.1009)</package>
        </Required>
        <Dependent type="60" displayName="Case" parentDisplayName="Case" id="{4a63c8d1-6c1e-48ec-9db4-3e6c7155334c}" />
      </MissingDependency>
      <MissingDependency>
        <Required type="2" schemaName="socialprofileid" displayName="Social Profile" parentSchemaName="incident" parentDisplayName="Case" solution="msdynce_Service (9.0.5.56)">
          <package>msdynce_ServiceAnchor (9.0.22022.1009)</package>
        </Required>
        <Dependent type="60" displayName="Case" parentDisplayName="Case" id="{4a63c8d1-6c1e-48ec-9db4-3e6c7155334c}" />
      </MissingDependency>
      <MissingDependency>
        <Required type="2" schemaName="statuscode" displayName="Status Reason" parentSchemaName="incident" parentDisplayName="Case" solution="msdynce_Service (9.0.5.56)">
          <package>msdynce_ServiceAnchor (9.0.22022.1009)</package>
        </Required>
        <Dependent type="60" displayName="Case" parentDisplayName="Case" id="{4a63c8d1-6c1e-48ec-9db4-3e6c7155334c}" />
      </MissingDependency>
      <MissingDependency>
        <Required type="2" schemaName="subjectid" displayName="Subject" parentSchemaName="incident" parentDisplayName="Case" solution="msdynce_Service (9.0.5.56)">
          <package>msdynce_ServiceAnchor (9.0.22022.1009)</package>
        </Required>
        <Dependent type="60" displayName="Case" parentDisplayName="Case" id="{4a63c8d1-6c1e-48ec-9db4-3e6c7155334c}" />
      </MissingDependency>
      <MissingDependency>
        <Required type="2" schemaName="ticketnumber" displayName="Case Number" parentSchemaName="incident" parentDisplayName="Case" solution="msdynce_Service (9.0.5.56)">
          <package>msdynce_ServiceAnchor (9.0.22022.1009)</package>
        </Required>
        <Dependent type="60" displayName="Case" parentDisplayName="Case" id="{4a63c8d1-6c1e-48ec-9db4-3e6c7155334c}" />
      </MissingDependency>
      <MissingDependency>
        <Required type="2" schemaName="title" displayName="Case Title" parentSchemaName="incident" parentDisplayName="Case" solution="msdynce_Service (9.0.5.56)">
          <package>msdynce_ServiceAnchor (9.0.22022.1009)</package>
        </Required>
        <Dependent type="60" displayName="Case" parentDisplayName="Case" id="{4a63c8d1-6c1e-48ec-9db4-3e6c7155334c}" />
      </MissingDependency>
      <MissingDependency>
        <Required type="2" schemaName="createdon" displayName="Created On" parentSchemaName="product" parentDisplayName="Product" solution="msdynce_ProductManagement (9.0.4.0066)">
          <package>msdynce_ProductManagementAnchor (9.0.22022.10001)</package>
        </Required>
        <Dependent type="60" displayName="Product" parentDisplayName="Product" id="{a640be62-63f6-4027-90d7-48c014a7c6f3}" />
      </MissingDependency>
      <MissingDependency>
        <Required type="2" schemaName="currentcost" displayName="Current Cost" parentSchemaName="product" parentDisplayName="Product" solution="msdynce_ProductManagement (9.0.4.0066)">
          <package>msdynce_ProductManagementAnchor (9.0.22022.10001)</package>
        </Required>
        <Dependent type="60" displayName="Product" parentDisplayName="Product" id="{a640be62-63f6-4027-90d7-48c014a7c6f3}" />
      </MissingDependency>
      <MissingDependency>
        <Required type="2" schemaName="defaultuomid" displayName="Default Unit" parentSchemaName="product" parentDisplayName="Product" solution="msdynce_ProductManagement (9.0.4.0066)">
          <package>msdynce_ProductManagementAnchor (9.0.22022.10001)</package>
        </Required>
        <Dependent type="60" displayName="Product" parentDisplayName="Product" id="{a640be62-63f6-4027-90d7-48c014a7c6f3}" />
      </MissingDependency>
      <MissingDependency>
        <Required type="2" schemaName="defaultuomscheduleid" displayName="Unit Group" parentSchemaName="product" parentDisplayName="Product" solution="msdynce_ProductManagement (9.0.4.0066)">
          <package>msdynce_ProductManagementAnchor (9.0.22022.10001)</package>
        </Required>
        <Dependent type="60" displayName="Product" parentDisplayName="Product" id="{a640be62-63f6-4027-90d7-48c014a7c6f3}" />
      </MissingDependency>
      <MissingDependency>
        <Required type="2" schemaName="description" displayName="Description" parentSchemaName="product" parentDisplayName="Product" solution="msdynce_ProductManagement (9.0.4.0066)">
          <package>msdynce_ProductManagementAnchor (9.0.22022.10001)</package>
        </Required>
        <Dependent type="60" displayName="Product" parentDisplayName="Product" id="{a640be62-63f6-4027-90d7-48c014a7c6f3}" />
      </MissingDependency>
      <MissingDependency>
        <Required type="2" schemaName="msdyn_converttocustomerasset" displayName="Convert to Customer Asset" parentSchemaName="product" parentDisplayName="Product" solution="FieldService (8.8.0.88)" />
        <Dependent type="60" displayName="Product" parentDisplayName="Product" id="{a640be62-63f6-4027-90d7-48c014a7c6f3}" />
      </MissingDependency>
      <MissingDependency>
        <Required type="2" schemaName="msdyn_defaultvendor" displayName="Default Vendor" parentSchemaName="product" parentDisplayName="Product" solution="FieldService (8.8.0.88)" />
        <Dependent type="60" displayName="Product" parentDisplayName="Product" id="{a640be62-63f6-4027-90d7-48c014a7c6f3}" />
      </MissingDependency>
      <MissingDependency>
        <Required type="2" schemaName="msdyn_fieldserviceproducttype" displayName="Field Service Product Type" parentSchemaName="product" parentDisplayName="Product" solution="FieldServiceCommon (1.0.0.187)" />
        <Dependent type="60" displayName="Product" parentDisplayName="Product" id="{a640be62-63f6-4027-90d7-48c014a7c6f3}" />
      </MissingDependency>
      <MissingDependency>
        <Required type="2" schemaName="msdyn_purchasename" displayName="Purchase Name" parentSchemaName="product" parentDisplayName="Product" solution="FieldService (8.8.0.88)" />
        <Dependent type="60" displayName="Product" parentDisplayName="Product" id="{a640be62-63f6-4027-90d7-48c014a7c6f3}" />
      </MissingDependency>
      <MissingDependency>
        <Required type="2" schemaName="msdyn_taxable" displayName="Taxable" parentSchemaName="product" parentDisplayName="Product" solution="FieldService (8.8.0.88)" />
        <Dependent type="60" displayName="Product" parentDisplayName="Product" id="{a640be62-63f6-4027-90d7-48c014a7c6f3}" />
      </MissingDependency>
      <MissingDependency>
        <Required type="2" schemaName="msdyn_upccode" displayName="UPC Code" parentSchemaName="product" parentDisplayName="Product" solution="FieldService (8.8.0.88)" />
        <Dependent type="60" displayName="Product" parentDisplayName="Product" id="{a640be62-63f6-4027-90d7-48c014a7c6f3}" />
      </MissingDependency>
      <MissingDependency>
        <Required type="2" schemaName="name" displayName="Name" parentSchemaName="product" parentDisplayName="Product" solution="msdynce_ProductManagement (9.0.4.0066)">
          <package>msdynce_ProductManagementAnchor (9.0.22022.10001)</package>
        </Required>
        <Dependent type="60" displayName="Product" parentDisplayName="Product" id="{a640be62-63f6-4027-90d7-48c014a7c6f3}" />
      </MissingDependency>
      <MissingDependency>
        <Required type="2" schemaName="parentproductid" displayName="Parent" parentSchemaName="product" parentDisplayName="Product" solution="msdynce_ProductManagement (9.0.4.0066)">
          <package>msdynce_ProductManagementAnchor (9.0.22022.10001)</package>
        </Required>
        <Dependent type="60" displayName="Product" parentDisplayName="Product" id="{a640be62-63f6-4027-90d7-48c014a7c6f3}" />
      </MissingDependency>
      <MissingDependency>
        <Required type="2" schemaName="price" displayName="List Price" parentSchemaName="product" parentDisplayName="Product" solution="msdynce_ProductManagement (9.0.4.0066)">
          <package>msdynce_ProductManagementAnchor (9.0.22022.10001)</package>
        </Required>
        <Dependent type="60" displayName="Product" parentDisplayName="Product" id="{a640be62-63f6-4027-90d7-48c014a7c6f3}" />
      </MissingDependency>
      <MissingDependency>
        <Required type="2" schemaName="pricelevelid" displayName="Default Price List" parentSchemaName="product" parentDisplayName="Product" solution="msdynce_ProductManagement (9.0.4.0066)">
          <package>msdynce_ProductManagementAnchor (9.0.22022.10001)</package>
        </Required>
        <Dependent type="60" displayName="Product" parentDisplayName="Product" id="{a640be62-63f6-4027-90d7-48c014a7c6f3}" />
      </MissingDependency>
      <MissingDependency>
        <Required type="2" schemaName="productnumber" displayName="Product ID" parentSchemaName="product" parentDisplayName="Product" solution="msdynce_ProductManagement (9.0.4.0066)">
          <package>msdynce_ProductManagementAnchor (9.0.22022.10001)</package>
        </Required>
        <Dependent type="60" displayName="Product" parentDisplayName="Product" id="{a640be62-63f6-4027-90d7-48c014a7c6f3}" />
      </MissingDependency>
      <MissingDependency>
        <Required type="2" schemaName="producttypecode" displayName="Product Type" parentSchemaName="product" parentDisplayName="Product" solution="msdynce_ProductManagement (9.0.4.0066)">
          <package>msdynce_ProductManagementAnchor (9.0.22022.10001)</package>
        </Required>
        <Dependent type="60" displayName="Product" parentDisplayName="Product" id="{a640be62-63f6-4027-90d7-48c014a7c6f3}" />
      </MissingDependency>
      <MissingDependency>
        <Required type="2" schemaName="quantitydecimal" displayName="Decimals Supported" parentSchemaName="product" parentDisplayName="Product" solution="msdynce_ProductManagement (9.0.4.0066)">
          <package>msdynce_ProductManagementAnchor (9.0.22022.10001)</package>
        </Required>
        <Dependent type="60" displayName="Product" parentDisplayName="Product" id="{a640be62-63f6-4027-90d7-48c014a7c6f3}" />
      </MissingDependency>
      <MissingDependency>
        <Required type="2" schemaName="standardcost" displayName="Standard Cost" parentSchemaName="product" parentDisplayName="Product" solution="msdynce_ProductManagement (9.0.4.0066)">
          <package>msdynce_ProductManagementAnchor (9.0.22022.10001)</package>
        </Required>
        <Dependent type="60" displayName="Product" parentDisplayName="Product" id="{a640be62-63f6-4027-90d7-48c014a7c6f3}" />
      </MissingDependency>
      <MissingDependency>
        <Required type="2" schemaName="statecode" displayName="Status" parentSchemaName="product" parentDisplayName="Product" solution="msdynce_ProductManagement (9.0.4.0066)">
          <package>msdynce_ProductManagementAnchor (9.0.22022.10001)</package>
        </Required>
        <Dependent type="60" displayName="Product" parentDisplayName="Product" id="{a640be62-63f6-4027-90d7-48c014a7c6f3}" />
      </MissingDependency>
      <MissingDependency>
        <Required type="2" schemaName="subjectid" displayName="Subject" parentSchemaName="product" parentDisplayName="Product" solution="msdynce_ProductManagement (9.0.4.0066)">
          <package>msdynce_ProductManagementAnchor (9.0.22022.10001)</package>
        </Required>
        <Dependent type="60" displayName="Product" parentDisplayName="Product" id="{a640be62-63f6-4027-90d7-48c014a7c6f3}" />
      </MissingDependency>
      <MissingDependency>
        <Required type="2" schemaName="validfromdate" displayName="Valid From" parentSchemaName="product" parentDisplayName="Product" solution="msdynce_ProductManagement (9.0.4.0066)">
          <package>msdynce_ProductManagementAnchor (9.0.22022.10001)</package>
        </Required>
        <Dependent type="60" displayName="Product" parentDisplayName="Product" id="{a640be62-63f6-4027-90d7-48c014a7c6f3}" />
      </MissingDependency>
      <MissingDependency>
        <Required type="2" schemaName="validtodate" displayName="Valid To" parentSchemaName="product" parentDisplayName="Product" solution="msdynce_ProductManagement (9.0.4.0066)">
          <package>msdynce_ProductManagementAnchor (9.0.22022.10001)</package>
        </Required>
        <Dependent type="60" displayName="Product" parentDisplayName="Product" id="{a640be62-63f6-4027-90d7-48c014a7c6f3}" />
      </MissingDependency>
      <MissingDependency>
        <Required type="26" schemaName="Extended Product Price List - Products" displayName="Extended Product Price List - Products" parentSchemaName="productpricelevel" parentDisplayName="Price List Item" solution="msdynce_ProductManagement (9.0.4.0066)" id="{19103072-cd05-42c7-b174-f981d33b8beb}">
          <package>msdynce_ProductManagementAnchor (9.0.22022.10001)</package>
        </Required>
        <Dependent type="60" displayName="Product" parentDisplayName="Product" id="{a640be62-63f6-4027-90d7-48c014a7c6f3}" />
      </MissingDependency>
      <MissingDependency>
        <Required type="26" schemaName="Product Family Lookup View" displayName="Product Family Lookup View" parentSchemaName="product" parentDisplayName="Product" solution="msdynce_ProductManagement (9.0.4.0066)" id="{19d7f2e0-e427-40fb-85e8-53e7cef2b166}">
          <package>msdynce_ProductManagementAnchor (9.0.22022.10001)</package>
        </Required>
        <Dependent type="60" displayName="Product" parentDisplayName="Product" id="{a640be62-63f6-4027-90d7-48c014a7c6f3}" />
      </MissingDependency>
      <MissingDependency>
        <Required type="26" schemaName="Active Price Lists" displayName="Active Price Lists" parentSchemaName="pricelevel" parentDisplayName="Price List" solution="msdynce_ProductManagement (9.0.4.0066)" id="{2261e01b-b7e6-433a-8d6d-f1fd6ac9f70f}">
          <package>msdynce_ProductManagementAnchor (9.0.22022.10001)</package>
        </Required>
        <Dependent type="60" displayName="Product" parentDisplayName="Product" id="{a640be62-63f6-4027-90d7-48c014a7c6f3}" />
      </MissingDependency>
      <MissingDependency>
        <Required type="26" schemaName="Unit Groups Lookup View" displayName="Unit Groups Lookup View" parentSchemaName="uomschedule" parentDisplayName="Unit Group" solution="msdynce_ProductManagement (9.0.4.0066)" id="{2d013a3a-07cd-4163-8208-8e8e605492f4}">
          <package>msdynce_ProductManagementAnchor (9.0.22022.10001)</package>
        </Required>
        <Dependent type="60" displayName="Product" parentDisplayName="Product" id="{a640be62-63f6-4027-90d7-48c014a7c6f3}" />
      </MissingDependency>
      <MissingDependency>
        <Required type="26" schemaName="All Product Relationships" displayName="All Product Relationships" parentSchemaName="productsubstitute" parentDisplayName="Product Relationship" solution="msdynce_ProductManagement (9.0.4.0066)" id="{400c861d-f355-42b2-9899-2b3196cbd71f}">
          <package>msdynce_ProductManagementAnchor (9.0.22022.10001)</package>
        </Required>
        <Dependent type="60" displayName="Product" parentDisplayName="Product" id="{a640be62-63f6-4027-90d7-48c014a7c6f3}" />
      </MissingDependency>
      <MissingDependency>
        <Required type="26" schemaName="Associated Knowledge Records View" displayName="Associated Knowledge Records View" parentSchemaName="knowledgearticleincident" parentDisplayName="Knowledge Article Incident" solution="msdynce_Service (9.0.5.56)" id="{4ce7d553-9bba-4d8f-b209-899af9d3937c}">
          <package>msdynce_ServiceAnchor (9.0.22022.1009)</package>
        </Required>
        <Dependent type="60" displayName="Case" parentDisplayName="Case" id="{4a63c8d1-6c1e-48ec-9db4-3e6c7155334c}" />
      </MissingDependency>
      <MissingDependency>
        <Required type="26" schemaName="Unit Group Units Lookup View" displayName="Unit Group Units Lookup View" parentSchemaName="uom" parentDisplayName="Unit" solution="msdynce_ProductManagement (9.0.4.0066)" id="{4da6f46b-3649-4d0e-b5d2-ccb590f4227d}">
          <package>msdynce_ProductManagementAnchor (9.0.22022.10001)</package>
        </Required>
        <Dependent type="60" displayName="Product" parentDisplayName="Product" id="{a640be62-63f6-4027-90d7-48c014a7c6f3}" />
      </MissingDependency>
      <MissingDependency>
        <Required type="26" schemaName="Active Products Lookup View" displayName="Active Products Lookup View" parentSchemaName="product" parentDisplayName="Product" solution="msdynce_ProductManagement (9.0.4.0066)" id="{58afc3c5-8add-4552-98cb-473bc8f75619}">
          <package>msdynce_ProductManagementAnchor (9.0.22022.10001)</package>
        </Required>
        <Dependent type="60" displayName="Case" parentDisplayName="Case" id="{4a63c8d1-6c1e-48ec-9db4-3e6c7155334c}" />
      </MissingDependency>
      <MissingDependency>
        <Required type="26" schemaName="Properties - Product Families" displayName="Properties - Product Families" parentSchemaName="dynamicproperty" parentDisplayName="Property" solution="msdynce_ProductManagement (9.0.4.0066)" id="{63abc191-f333-47e1-9f3f-ef1cbf8df1c0}">
          <package>msdynce_ProductManagementAnchor (9.0.22022.10001)</package>
        </Required>
        <Dependent type="60" displayName="Product" parentDisplayName="Product" id="{a640be62-63f6-4027-90d7-48c014a7c6f3}" />
      </MissingDependency>
      <MissingDependency>
        <Required type="26" schemaName="Active Contracts" displayName="Active Contracts" parentSchemaName="contract" parentDisplayName="Contract" solution="msdynce_Service (9.0.5.56)" id="{646de3ee-ebfb-4d19-8a44-4a619505e188}">
          <package>msdynce_ServiceAnchor (9.0.22022.1009)</package>
        </Required>
        <Dependent type="60" displayName="Case" parentDisplayName="Case" id="{4a63c8d1-6c1e-48ec-9db4-3e6c7155334c}" />
      </MissingDependency>
      <MissingDependency>
        <Required type="26" schemaName="Associated Cases" displayName="Associated Cases" parentSchemaName="incident" parentDisplayName="Case" solution="msdynce_Service (9.0.5.56)" id="{72210bbb-d9d5-42df-8efd-39395a3cd7a7}">
          <package>msdynce_ServiceAnchor (9.0.22022.1009)</package>
        </Required>
        <Dependent type="60" displayName="Case" parentDisplayName="Case" id="{4a63c8d1-6c1e-48ec-9db4-3e6c7155334c}" />
      </MissingDependency>
      <MissingDependency>
        <Required type="26" schemaName="Product Association Associated View" displayName="Product Association Associated View" parentSchemaName="productassociation" parentDisplayName="Product Association" solution="msdynce_ProductManagement (9.0.4.0066)" id="{8f4f0419-a73a-4ac5-b59b-38fe04f21336}">
          <package>msdynce_ProductManagementAnchor (9.0.22022.10001)</package>
        </Required>
        <Dependent type="60" displayName="Product" parentDisplayName="Product" id="{a640be62-63f6-4027-90d7-48c014a7c6f3}" />
      </MissingDependency>
      <MissingDependency>
        <Required type="26" schemaName="Contract Line With Allotments" displayName="Contract Line With Allotments" parentSchemaName="contractdetail" parentDisplayName="Contract Line" solution="msdynce_Service (9.0.5.56)" id="{8fa2705c-7e4c-4c0e-b611-4593b35a4c9e}">
          <package>msdynce_ServiceAnchor (9.0.22022.1009)</package>
        </Required>
        <Dependent type="60" displayName="Case" parentDisplayName="Case" id="{4a63c8d1-6c1e-48ec-9db4-3e6c7155334c}" />
      </MissingDependency>
      <MissingDependency>
        <Required type="26" schemaName="Valid Entitlements for Cases" displayName="Valid Entitlements for Cases" parentSchemaName="entitlement" parentDisplayName="Entitlement" solution="msdynce_Service (9.0.5.56)" id="{e7ea283b-0490-4956-939b-3325e0798fb8}">
          <package>msdynce_ServiceAnchor (9.0.22022.1009)</package>
        </Required>
        <Dependent type="60" displayName="Case" parentDisplayName="Case" id="{4a63c8d1-6c1e-48ec-9db4-3e6c7155334c}" />
      </MissingDependency>
      <MissingDependency>
        <Required type="60" displayName="Resolve By SLA" parentDisplayName="SLA KPI Instance" solution="msdynce_ServiceLevelAgreement (9.0.22022.1027)" id="{19b14c51-3d43-4d56-ab34-49c540bf468c}">
          <package>msdynce_ServiceLevelAgreementAnchor (9.0.22022.1027)</package>
        </Required>
        <Dependent type="60" displayName="Case" parentDisplayName="Case" id="{4a63c8d1-6c1e-48ec-9db4-3e6c7155334c}" />
      </MissingDependency>
      <MissingDependency>
        <Required type="60" displayName="Case" parentDisplayName="Case" solution="msdynce_Service (9.0.5.56)" id="{4a63c8d1-6c1e-48ec-9db4-3e6c7155334c}">
          <package>msdynce_ServiceAnchor (9.0.22022.1009)</package>
        </Required>
        <Dependent type="60" displayName="Case" parentDisplayName="Case" id="{4a63c8d1-6c1e-48ec-9db4-3e6c7155334c}" />
      </MissingDependency>
      <MissingDependency>
        <Required type="60" displayName="contact card" parentDisplayName="Contact" solution="msdynce_AppCommon (9.0.4.0066)" id="{707fc57b-c5e6-471b-a180-e37ed28a38e2}">
          <package>msdynce_AppCommonAnchor (9.0.22022.10002)</package>
        </Required>
        <Dependent type="60" displayName="Case" parentDisplayName="Case" id="{4a63c8d1-6c1e-48ec-9db4-3e6c7155334c}" />
      </MissingDependency>
      <MissingDependency>
        <Required type="60" displayName="Product" parentDisplayName="Product" solution="msdynce_ProductManagement (9.0.4.0066)" id="{a640be62-63f6-4027-90d7-48c014a7c6f3}">
          <package>msdynce_ProductManagementAnchor (9.0.22022.10001)</package>
        </Required>
        <Dependent type="60" displayName="Product" parentDisplayName="Product" id="{a640be62-63f6-4027-90d7-48c014a7c6f3}" />
      </MissingDependency>
      <MissingDependency>
        <Required type="60" displayName="account card" parentDisplayName="Account" solution="msdynce_AppCommon (9.0.4.0066)" id="{b028db32-3619-48a5-ac51-cf3f947b0ef3}">
          <package>msdynce_AppCommonAnchor (9.0.22022.10002)</package>
        </Required>
        <Dependent type="60" displayName="Case" parentDisplayName="Case" id="{4a63c8d1-6c1e-48ec-9db4-3e6c7155334c}" />
      </MissingDependency>
      <MissingDependency>
        <Required type="60" displayName="First Response SLA" parentDisplayName="SLA KPI Instance" solution="msdynce_ServiceLevelAgreement (9.0.22022.1027)" id="{ede9dac3-e143-4be4-acc8-237309e31210}">
          <package>msdynce_ServiceLevelAgreementAnchor (9.0.22022.1027)</package>
        </Required>
        <Dependent type="60" displayName="Case" parentDisplayName="Case" id="{4a63c8d1-6c1e-48ec-9db4-3e6c7155334c}" />
      </MissingDependency>
      <MissingDependency>
        <Required type="61" schemaName="msdyn_/Case/Case.Library.js" displayName="msdyn_/Case/Case.Library.js" solution="FieldService (8.8.0.88)" />
        <Dependent type="60" displayName="Case" parentDisplayName="Case" id="{4a63c8d1-6c1e-48ec-9db4-3e6c7155334c}" />
      </MissingDependency>
      <MissingDependency>
        <Required type="61" schemaName="msdyn_/CFS/Case/CaseForm.js" displayName="msdyn_/CFS/Case/CaseForm.js" solution="ConnectedFieldService (1.8.32.0)" />
        <Dependent type="60" displayName="Case" parentDisplayName="Case" id="{4a63c8d1-6c1e-48ec-9db4-3e6c7155334c}" />
      </MissingDependency>
      <MissingDependency>
        <Required type="61" schemaName="msdyn_/CFS/Utils/RibbonUtils.js" displayName="msdyn_/CFS/Utils/RibbonUtils.js" solution="ConnectedFieldService (1.8.32.0)" />
        <Dependent type="60" displayName="Case" parentDisplayName="Case" id="{4a63c8d1-6c1e-48ec-9db4-3e6c7155334c}" />
      </MissingDependency>
      <MissingDependency>
        <Required type="61" schemaName="msdyn_/ProductsServices/ProductsServices.Library.js" displayName="msdyn_/ProductsServices/ProductsServices.Library.js" solution="FieldService (8.8.0.88)" />
        <Dependent type="60" displayName="Product" parentDisplayName="Product" id="{a640be62-63f6-4027-90d7-48c014a7c6f3}" />
      </MissingDependency>
      <MissingDependency>
        <Required type="66" schemaName="MscrmControls.DeviceInsights.DeviceInsightsControl" displayName="MscrmControls.DeviceInsights.DeviceInsightsControl" solution="IoTConnector (1.8.32.0)">
          <package>msdynce_ServiceAnchor (9.0.22022.1009)</package>
        </Required>
        <Dependent type="60" displayName="Case" parentDisplayName="Case" id="{4a63c8d1-6c1e-48ec-9db4-3e6c7155334c}" />
      </MissingDependency>
      <MissingDependency>
        <Required type="66" schemaName="MscrmControls.FieldControls.BarCodeScannerControl" displayName="MscrmControls.FieldControls.BarCodeScannerControl" solution="BaseCustomControlsCore (9.0.2202.3012)" />
        <Dependent type="60" displayName="Product" parentDisplayName="Product" id="{a640be62-63f6-4027-90d7-48c014a7c6f3}" />
      </MissingDependency>
      <MissingDependency>
        <Required type="66" schemaName="MscrmControls.RetrieveProperties.RetrievePropertiesControl" displayName="MscrmControls.RetrieveProperties.RetrievePropertiesControl" solution="msdynce_ProductManagementPatch (9.0.22022.10001)">
          <package>msdynce_ProductManagementAnchor (9.0.22022.10001)</package>
        </Required>
        <Dependent type="60" displayName="Product" parentDisplayName="Product" id="{a640be62-63f6-4027-90d7-48c014a7c6f3}" />
      </MissingDependency>
    </MissingDependencies>
  </SolutionManifest>
</ImportExportXml>